{"IcoMoonType":"selection","icons":[{"icon":{"paths":["M1023 473q0-4-1-8t-2.5-8-3.5-7.5-5-6.5l-1-1q-2-3-5-6l-6-6-417-403q-27-27-68-27t-68 27l-417 400q-6 6-12 13t-11.5 18.5-5.5 22.5v479q0 27 19 45.5t45 18.5h896q17 0 32-8.5t23.5-23.5 8.5-32v-482l-1-5zM270 726l-206 190v-371zM336 753l7-7 141-130q11-9 25-9t24 8l384 345h-807zM757 731l203-180v362zM104 443l387-371q10-9 23-9t23 9l361 345h-1l55 55-242 215-136-121q-18-15-41-20t-47 0-43 21l-126 116-242-214 27-26h2z"],"attrs":[{}],"isMulticolor":false,"isMulticolor2":false,"grid":0,"tags":["envelope-open"]},"attrs":[{}],"properties":{"order":35,"id":0,"name":"envelope-open","prevSize":32,"code":59660},"setIdx":0,"setId":2,"iconIdx":0}],"height":1024,"metadata":{"name":"icomoon"},"preferences":{"showGlyphs":true,"showCodes":true,"showQuickUse":true,"showQuickUse2":true,"showSVGs":true,"fontPref":{"prefix":"icon-","metadata":{"fontFamily":"icomoon","majorVersion":1,"minorVersion":0},"metrics":{"emSize":1024,"baseline":6.25,"whitespace":50},"embed":false},"imagePref":{"prefix":"icon-","png":true,"useClassSelector":true,"color":0,"bgColor":16777215,"name":"icomoon","classSelector":".icon"},"historySize":50,"gridSize":16}}